"NAME","P1","P2","P3","P4","P5","BLITZ_PROB","YDS_PER_PLAY","COMPL_PRCNT","YDS_PER_CARRY","YDS_PER_COMP","YDS_PER_ATT"
"Air Force Falcons","Garrett Griffin","Garrett Brown","Jalen Robinette","Shayne Davern","Jacobi Owens",0.04,6.8,66.7,5.5,17.4,11.6
"Air Force Falcons","Broam Hart","Garrett Griffin","Garrett Brown","Jalen Robinette","Jacobi Owens",0.05,5,52.9,4.6,14.2,7.5
"Air Force Falcons","Total","Total","Total","Total","Total",0.08,5.3,57.4,4.5,16.2,9.2
"Alabama Crimson Tide","Jalston Fowler","Brian Vogler","DeAndrew White","Amari Cooper","T.J. Yeldon",0.12,6.9,77.1,3.4,14.3,11.1
"Alabama Crimson Tide","DeAndrew White","Christion Jones","Amari Cooper","Derrick Henry","O.J. Howard",0.15,6.6,65.2,6.4,11.5,7.2
"Alabama Crimson Tide","DeAndrew White","Christion Jones","Amari Cooper","T.J. Yeldon","O.J. Howard",0.19,6.5,60.8,5.7,11.9,7.4
"Alabama Crimson Tide","Brian Vogler","DeAndrew White","Christion Jones","Amari Cooper","T.J. Yeldon",0.18,5.2,48,5.2,11.3,5.4
"Alabama Crimson Tide","Total","Total","Total","Total","Total",0.15,6.6,64.7,5.2,13.5,8.6
"Arizona State Sun Devils","Deantre Lewis","Gary Chambers","D.J. Foster","Cameron Smith","Jaelen Strong",0.18,6.2,67.6,2.8,14.2,9.1
"Arizona State Sun Devils","Gary Chambers","D.J. Foster","Kody Kohl","Cameron Smith","Jaelen Strong",0.19,6.4,50.9,5.5,14.7,7.2
"Arizona State Sun Devils","D.J. Foster","Kody Kohl","De'Marieya Nelson","Cameron Smith","Jaelen Strong",0.14,7.6,76.9,6.1,13.7,10.5
"Arizona State Sun Devils","D.J. Foster","Kody Kohl","Cameron Smith","Jaelen Strong","Demario Richard",0.08,6.1,63.2,6.2,10.2,6.4
"Arizona State Sun Devils","Total","Total","Total","Total","Total",0.17,5.8,61,4.8,12.7,7.6
"Arizona Wildcats","Total","Total","Total","Total","Total",0.19,5.6,59.2,4.7,12.3,7
"Arizona Wildcats","Austin Hill","Cayleb Jones","Davonte' Neal","Samajie Grant","Nick Wilson",0.18,6.2,61.4,4.1,15.2,9.1
"Arizona Wildcats","Austin Hill","Terris Jones-Grigsby","Cayleb Jones","Davonte' Neal","Samajie Grant",0.16,7.1,56.7,6.9,15.5,8
"Arizona Wildcats","Austin Hill","Trey Griffey","Cayleb Jones","Samajie Grant","Nick Wilson",0.16,4.9,46.2,6.1,8.7,3.9
"Arizona Wildcats","Austin Hill","Terris Jones-Grigsby","Cayleb Jones","Samajie Grant","Nate Phillips",0.29,6.4,60,4.3,17.8,10.3
"Arkansas Razorbacks","Total","Total","Total","Total","Total",0.16,5.5,56.1,5.1,12.4,6.8
"Auburn Tigers","Total","Total","Total","Total","Total",0.16,6.7,63.1,5.7,14.4,9
"Auburn Tigers","Quan Bray","Sammie Coates","Cameron Artis-Payne","Marcus Davis","D'haquille Williams",0.17,8.7,59.6,6.2,19,11.2
"Auburn Tigers","Sammie Coates","Brandon Fulse","Ricardo Louis","Cameron Artis-Payne","D'haquille Williams",0.16,8.1,78.6,4.8,18,14.2
"BYU Cougars","Mitch Mathews","Devin Mahina","Jordan Leslie","Mitchell Juergens","Paul Lasike",0.26,5.4,56.8,4.1,12.3,6.8
"BYU Cougars","Total","Total","Total","Total","Total",0.21,5.5,60.7,4.5,12.5,7.5
"BYU Cougars","Mitch Mathews","Jordan Leslie","Mitchell Juergens","Terenn Houk","Paul Lasike",0.11,5.3,60.7,4.7,11.5,6.8
"Baylor Bears","Antwan Goodley","Levi Norwood","Jay Lee","Corey Coleman","KD Cannon",0.12,7.3,76.5,4.2,12.5,9.1
"Baylor Bears","Total","Total","Total","Total","Total",0.15,6.5,63.3,4.8,14.5,9
"Baylor Bears","Antwan Goodley","Levi Norwood","Clay Fuller","Jay Lee","Shock Linwood",0.24,6.2,65.3,4.4,13.3,8.3
"Baylor Bears","Antwan Goodley","Tre'Von Armstead","Corey Coleman","Shock Linwood","KD Cannon",0.19,6.6,64.4,4.2,15.9,10.3
"Baylor Bears","Antwan Goodley","Corey Coleman","Shock Linwood","Gus Penning","KD Cannon",0.13,5.8,40.7,4.4,22.3,8.4
"Boise State Broncos","Total","Total","Total","Total","Total",0.22,6.3,71.1,5.1,12.7,8.7
"Boise State Broncos","Matt Miller","Jay Ajayi","Dallas Burroughs","Shane Williams-Rhodes","Jake Roh",0.27,6.8,72.1,5.8,11,7.8
"Boise State Broncos","Jay Ajayi","Dallas Burroughs","Shane Williams-Rhodes","Jake Roh","Thomas Sperbeck",0.22,5.6,63.4,3.4,12.5,7.7
"Boston College Eagles","Total","Total","Total","Total","Total",0.16,5.7,59.4,5.7,12.4,6.8
"California Golden Bears","Stephen Anderson","Daniel Lasco II","Trevor Davis","Kenny Lawler Jr.","Bryce Treggs",0.27,6.6,72.1,4.8,11.7,8.3
"California Golden Bears","Stephen Anderson","Daniel Lasco II","Chris Harper","Kenny Lawler Jr.","Bryce Treggs",0.17,6.6,67,4.7,12.1,7.7
"California Golden Bears","Stephen Anderson","Maurice Harris","Daniel Lasco II","Chris Harper","Bryce Treggs",0.13,7,63.5,6.3,12.9,8
"California Golden Bears","Total","Total","Total","Total","Total",0.18,6.1,63.8,4.4,12.7,7.9
"Cincinnati Bearcats","Shaq Washington","Chris Moore","Max Morrison","Mekale McKay","Rod Moore",0.25,7,60.7,5.5,13.8,8.4
"Cincinnati Bearcats","Total","Total","Total","Total","Total",0.2,6.2,60.3,4.7,13.4,8
"Clemson Tigers","Total","Total","Total","Total","Total",0.19,5.3,65.5,3.7,11.7,7.5
"Clemson Tigers","Adam Humphries","Jordan Leggett","Wayne Gallman","Mike Williams","Artavis Scott",0.17,9.4,69.7,7,17.8,11.7
"Colorado Buffaloes","D.D. Goodson","Tyler McCulloch","Nelson Spruce","Michael Adkins II","Shay Fields",0.14,5.5,68.4,5.8,8.7,5.8
"Colorado Buffaloes","Tony Jones","D.D. Goodson","Tyler McCulloch","Nelson Spruce","Shay Fields",0.12,6.5,68.1,8.5,9.2,6
"Colorado Buffaloes","Total","Total","Total","Total","Total",0.22,5.2,65.5,4.3,9.8,6.3
"Colorado State Rams","Dee Hart","Joe Hansley","Nolan Peralta","Rashard Higgins","Steven Walker",0.18,6.3,68.2,4.1,17.9,12.2
"Colorado State Rams","Charles Lovett","Dee Hart","Joe Hansley","Rashard Higgins","Steven Walker",0.14,7.8,73.7,3.2,15.3,11
"Colorado State Rams","Charles Lovett","Dee Hart","Joe Hansley","Rashard Higgins","Xavier Williams",0.3,6.3,44,7.2,14.3,6.2
"Colorado State Rams","Total","Total","Total","Total","Total",0.24,6.9,65.4,5.1,14.6,9.3
"Connecticut Huskies","Total","Total","Total","Total","Total",0.22,4.5,56.5,3.6,11.2,6.1
"Duke Blue Devils","Total","Total","Total","Total","Total",0.25,5.3,57.5,5,10.5,5.9
"Duke Blue Devils","Josh Snead","Issac Blakeney","Jamison Crowder","David Reeves","Max McCaffrey",0.15,6.8,63.3,4.5,15.4,9.7
"Duke Blue Devils","Issac Blakeney","Jamison Crowder","Max McCaffrey","Shaquille Powell","Erich Schneider",0.21,6.7,62.5,4.1,13.4,8.4
"Duke Blue Devils","Issac Blakeney","Jamison Crowder","David Reeves","Max McCaffrey","Shaquille Powell",0.3,5.6,63.3,5.7,9.1,5.5
"Duke Blue Devils","Issac Blakeney","Jamison Crowder","Max McCaffrey","Shaquille Powell","Johnell Barnes",0.41,6.1,57.1,2.5,15.8,8.6
"Duke Blue Devils","Issac Blakeney","Jamison Crowder","David Reeves","Max McCaffrey","Shaun Wilson",0.3,4.2,57.1,4.9,6.9,3.9
"East Carolina Pirates","Total","Total","Total","Total","Total",0.17,6.3,64.9,5.2,12,7.6
"East Carolina Pirates","Justin Hardy","Chris Hairston","Cam Worthy","Davon Grayson","Isaiah Jones",0.1,4.8,48.8,4.7,10.5,5.1
"East Carolina Pirates","Justin Hardy","Cam Worthy","Breon Allen","Davon Grayson","Isaiah Jones",0.21,6.3,70.4,3.7,12,8.1
"East Carolina Pirates","Justin Hardy","Cam Worthy","Breon Allen","Isaiah Jones","Jimmy Williams",0.14,7.6,77.3,4.5,13.7,10.1
"Florida Gators","Quinton Dunbar","Clay Burton","Latroy Pittman Jr.","Demarcus Robinson","Kelvin Taylor",0.32,4.5,51.5,4.4,9.4,4.8
"Florida Gators","Quinton Dunbar","Clay Burton","Latroy Pittman Jr.","Matt Jones","Demarcus Robinson",0.29,3.8,47.6,3.9,10.2,4.6
"Florida Gators","Total","Total","Total","Total","Total",0.21,5.1,53.1,4.5,12.8,6.7
"Florida State Seminoles","Rashad Greene","Nick O'Leary","Jesus Wilson","Dalvin Cook","Travis Rudolph",0.25,5.7,53.8,5.3,12.2,6.5
"Florida State Seminoles","Rashad Greene","Nick O'Leary","Dalvin Cook","Ermon Lane","Travis Rudolph",0.2,7.1,74.2,6.1,11.3,8.4
"Florida State Seminoles","Rashad Greene","Nick O'Leary","Karlos Williams","Jesus Wilson","Travis Rudolph",0.28,6.6,69.4,4.6,12.1,8.3
"Florida State Seminoles","Total","Total","Total","Total","Total",0.21,6.3,64.5,4.6,12.9,8.2
"Fresno State Bulldogs","Total","Total","Total","Total","Total",0.17,5.2,59,4.9,10.6,6
"Fresno State Bulldogs","Josh Harper","Greg Watson","Aaron Peck","Marteze Waller","Chad Olsen",0.28,4.4,65.4,2.2,11.7,7.7
"Fresno State Bulldogs","Josh Harper","Greg Watson","Marteze Waller","Delvon Hardaway","Chad Olsen",0.14,5.3,55.6,6.6,4.6,2.3
"Fresno State Bulldogs","Josh Quezada","Josh Harper","Greg Watson","Aaron Peck","Chad Olsen",0.16,4.5,57.7,4.6,8.4,4.5
"Georgia Bulldogs","Total","Total","Total","Total","Total",0.15,6.5,68.7,6.2,12,8.1
"Georgia Bulldogs","Michael Bennett","Chris Conley","Malcolm Mitchell","Jeb Blazevich","Nick Chubb",0.23,6.5,66.7,5.5,12.5,8.2
"Georgia Tech Yellow Jackets","Total","Total","Total","Total","Total",0.1,6.5,56.4,6.2,17.8,9.3
"Georgia Tech Yellow Jackets","Synjyn Days","Deon Hill","Tony Zenon","Darren Waller","DeAndre Smelter",0.11,5.8,50,5.8,12.1,5.7
"Hawaii Rainbow Warriors","Quinton Pedroza","Scott Harding","Steven Lakalaka","Harold Moleni","Marcus Kemp",0.15,4.2,46.8,2.9,11.9,5.6
"Hawaii Rainbow Warriors","Total","Total","Total","Total","Total",0.21,4.6,49.6,4,12.1,6
"Hawaii Rainbow Warriors","Jordan Pu'u-Robinson","Quinton Pedroza","Scott Harding","Steven Lakalaka","Marcus Kemp",0.26,4.3,51.5,2.5,11.6,5.8
"Houston Cougars","Markeith Ambles","Wayne Beadle","Kenneth Farrow","Deontay Greenberry","Steven Dunbar",0.14,8,77.8,8.4,10.9,8
"Houston Cougars","Markeith Ambles","Kenneth Farrow","Daniel Spencer","Deontay Greenberry","Greg Ward Jr.",0.28,6.3,57.8,6,11.7,6.8
"Houston Cougars","Markeith Ambles","Kenneth Farrow","Deontay Greenberry","Demarcus Ayers","Steven Dunbar",0.21,8.3,64.1,9.2,13.5,8.9
"Houston Cougars","Markeith Ambles","Wayne Beadle","Ryan Jackson","Deontay Greenberry","Demarcus Ayers",0.14,4.1,68.8,3.4,8.6,5.9
"Houston Cougars","Markeith Ambles","Wayne Beadle","Ryan Jackson","Deontay Greenberry","Steven Dunbar",0.13,5.2,54.2,4.8,13.3,6.7
"Houston Cougars","Total","Total","Total","Total","Total",0.18,5.8,62.2,5.5,11.1,6.8
"Houston Cougars","Markeith Ambles","Wayne Beadle","Kenneth Farrow","Deontay Greenberry","Demarcus Ayers",0.13,6,76.9,4.7,10.1,7.8
"Illinois Fighting Illini","Total","Total","Total","Total","Total",0.2,5.3,61.3,4.1,11.3,6.9
"Illinois Fighting Illini","Martize Barr","Josh Ferguson","Justin Hardee","Geronimo Allison","Mike Dudek",0.31,6.3,60.5,4.3,14.1,8.5
"Indiana Hoosiers","Michael Cooper","Nick Stoner","Shane Wynn","Tevin Coleman","J-Shun Harris II",0.2,6.8,82.6,5.3,11.6,9.6
"Indiana Hoosiers","Total","Total","Total","Total","Total",0.12,5.5,54.7,6.2,10.1,5.4
"Iowa Hawkeyes","Kevonte Martin-Manley","Damon Bullock","Jake Duzey","Tevaun Smith","Damond Powell",0.2,6.7,59.5,8.7,11,6.4
"Iowa Hawkeyes","Total","Total","Total","Total","Total",0.17,5.5,60.6,4.6,11.7,7.1
"Iowa Hawkeyes","Kevonte Martin-Manley","Damon Bullock","Jake Duzey","Jacob Hillyer","Tevaun Smith",0.26,4.9,58.8,3.5,9.7,5.7
"Iowa State Cyclones","Total","Total","Total","Total","Total",0.2,4.8,55.6,4,10.6,5.9
"Iowa State Cyclones","Jarvis West","Dondre Daley","Aaron Wimberly","E.J. Bibbs","Allen Lazard",0.23,4,62.1,3.3,9.3,5.4
"Iowa State Cyclones","Jarvis West","D'vario Montgomery","Aaron Wimberly","E.J. Bibbs","Allen Lazard",0.23,4,43.2,4,10.4,4.5
"Kansas Jayhawks","Nick Harwell","Jimmay Mundine","Tony Pierson","Nigel King","Corey Avery",0.17,3.8,62.5,0.3,14.4,8.7
"Kansas Jayhawks","Justin McCay","Nick Harwell","Jimmay Mundine","Tony Pierson","Corey Avery",0.11,3.3,48.3,2.8,9.4,4.4
"Kansas Jayhawks","Justin McCay","Nick Harwell","Jimmay Mundine","Tony Pierson","Nigel King",0.17,5.3,57.7,4.8,10.1,5.7
"Kansas Jayhawks","Justin McCay","Nick Harwell","Jimmay Mundine","Nigel King","Corey Avery",0.12,5.8,64.8,4.1,14.3,9.1
"Kansas Jayhawks","Total","Total","Total","Total","Total",0.15,4.5,56,3.4,11.9,6.5
"Kansas State Wildcats","Zach Trujillo","Curry Sexton","Tyler Lockett","Glenn Gronkowski","Charles Jones",0.11,6.6,86.7,4.2,16.5,14.3
"Kansas State Wildcats","Zach Trujillo","Curry Sexton","Tyler Lockett","Deante Burton","Charles Jones",0.18,6.9,68.4,1.8,13.7,9.4
"Kansas State Wildcats","Curry Sexton","Tyler Lockett","Deante Burton","Charles Jones","Kody Cook",0.22,7.2,67.2,5,12.6,8.2
"Kansas State Wildcats","Total","Total","Total","Total","Total",0.2,6,65.5,4,13.7,8.9
"Kansas State Wildcats","Zach Trujillo","DeMarcus Robinson","Curry Sexton","Tyler Lockett","Glenn Gronkowski",0.29,5.9,58.1,3.2,17.6,10.2
"Kansas State Wildcats","DeMarcus Robinson","Curry Sexton","Tyler Lockett","Deante Burton","Kody Cook",0.24,8.6,66.7,7.2,13.8,9
"Kentucky Wildcats","Total","Total","Total","Total","Total",0.18,5.3,58.4,4.6,12.1,6.9
"LSU Tigers","Total","Total","Total","Total","Total",0.18,5.4,51.1,4.9,15.3,7.7
"LSU Tigers","Travis Dickson","Terrence Magee","Travin Dural","Malachi Dupre","Trey Quinn",0.3,4.4,41.4,3.7,13.4,5.6
"Louisville Cardinals","Total","Total","Total","Total","Total",0.27,5.3,56.1,3.9,13.9,7.7
"Maryland Terrapins","Total","Total","Total","Total","Total",0.24,5.2,55.9,4.2,12.6,6.9
"Maryland Terrapins","Deon Long","Marcus Leak","Brandon Ross","Stefon Diggs","Jacquille Veii",0.23,5.1,53.8,3.4,13.1,6.9
"Maryland Terrapins","Deon Long","Marcus Leak","Brandon Ross","Stefon Diggs","Andrew Isaacs",0.29,7.3,64.5,7.5,12,7.7
"Memphis Tigers","Brandon Hayes","Keiwone Malone","Alan Cross","Tevin Jones","Mose Frazier",0.14,7.4,63.2,9.1,10.2,6.4
"Memphis Tigers","Total","Total","Total","Total","Total",0.18,5.4,63.9,4.3,11.7,7.4
"Miami (FL) Hurricanes","Clive Walford","Phillip Dorsett","Duke Johnson","Malcolm Lewis","Braxton Berrios",0.22,8.4,52.4,8.4,16.4,8.4
"Miami (FL) Hurricanes","Total","Total","Total","Total","Total",0.19,6.5,58.5,5.5,14.4,8.3
"Miami (FL) Hurricanes","Clive Walford","Phillip Dorsett","Duke Johnson","Malcolm Lewis","Standish Dobard",0.14,7.8,66.7,7.4,17,11.3
"Michigan State Spartans","Tony Lippett","Keith Mumphery","Jeremy Langford","Macgarrett Kings Jr.","Josiah Price",0.23,5,50,4.9,11.2,5.9
"Michigan State Spartans","Total","Total","Total","Total","Total",0.17,6.5,59.1,5.2,14.6,8.7
"Michigan Wolverines","Total","Total","Total","Total","Total",0.26,5.2,57.8,4.9,10.8,6.3
"Minnesota Golden Gophers","Total","Total","Total","Total","Total",0.16,5.3,50.8,4.8,14.5,7.3
"Mississippi State Bulldogs","Total","Total","Total","Total","Total",0.18,6.5,61.8,5.5,14,8.6
"Mississippi State Bulldogs","Jameon Lewis","Malcolm Johnson","Robert Johnson","Josh Robinson","De'Runnya Wilson",0.21,6.6,60.3,6.1,13.4,8.1
"Mississippi State Bulldogs","Malcolm Johnson","Robert Johnson","Josh Robinson","Fred Ross","De'Runnya Wilson",0.07,6.8,71.4,2.7,16,11.4
"Missouri Tigers","Jimmie Hunt","Marcus Murphy","Bud Sasser","Wesley Leftwich","Sean Culkin",0.09,4.6,42.3,5.2,12.3,5
"Missouri Tigers","Jimmie Hunt","Marcus Murphy","Bud Sasser","Darius White","Sean Culkin",0.19,5.2,54.4,3.8,12.8,6.8
"Missouri Tigers","Jimmie Hunt","Bud Sasser","Darius White","Sean Culkin","Russell Hansbrough",0.13,5.7,60.2,4.3,13.2,7.8
"Missouri Tigers","Total","Total","Total","Total","Total",0.18,5.3,54.3,4.8,12,6.4
"Nebraska Cornhuskers","Kenny Bell","Ameer Abdullah","Sam Cotton","Alonzo Moore","Jordan Westerkamp",0.09,7.2,63.6,6.7,12.3,7.8
"Nebraska Cornhuskers","Total","Total","Total","Total","Total",0.16,6,53.2,5.5,14.5,7.7
"Nevada Wolf Pack","Jarred Gipson","Hasaan Henderson","Jerico Richardson","Richy Turner","Don Jackson",0.23,5.5,62.1,5.2,9.9,6.1
"Nevada Wolf Pack","Total","Total","Total","Total","Total",0.19,5.3,59,5.1,10.5,6.1
"Nevada Wolf Pack","Jarred Gipson","Hasaan Henderson","Jerico Richardson","Richy Turner","James Butler",0.2,6.5,68.1,5.6,11.4,7.7
"Nevada Wolf Pack","Jarred Gipson","Jerico Richardson","Richy Turner","Don Jackson","Matt Moen",0.14,7.1,65,7.7,8.5,5.5
"Nevada Wolf Pack","Jarred Gipson","Jerico Richardson","Richy Turner","James Butler","Matt Moen",0.09,3.6,28.6,3.9,12,3.4
"New Mexico Lobos","Total","Total","Total","Total","Total",0.1,6.2,51,6.4,14,7.2
"North Carolina State Wolfpack","Total","Total","Total","Total","Total",0.19,5.7,59.9,5.4,11.8,7
"North Carolina Tar Heels","Total","Total","Total","Total","Total",0.18,5.5,62.9,4.5,11.3,7
"North Carolina Tar Heels","Jack Tabb","Quinshad Davis","Mack Hollins","T.J. Logan","Ryan Switzer",0.16,5.1,59.6,4.7,10.1,6
"Northwestern Wildcats","Kyle Prater","Tony Jones","Miles Shuler","Dan Vitale","Justin Jackson",0.23,3.4,54.2,3.5,7.9,4.1
"Northwestern Wildcats","Total","Total","Total","Total","Total",0.15,4.4,57.9,3.6,10,5.7
"Northwestern Wildcats","Kyle Prater","Tony Jones","Cameron Dickerson","Dan Vitale","Justin Jackson",0.11,3.8,67.4,1.6,8.8,5.9
"Notre Dame Fighting Irish","Ben Koyack","Chris Brown","C.J. Prosise","Tarean Folston","William Fuller",0.32,6.2,63.3,4.1,14.1,8.6
"Notre Dame Fighting Irish","Ben Koyack","C.J. Prosise","Corey Robinson","Tarean Folston","William Fuller",0.36,5.5,64.5,4,11.8,7.5
"Notre Dame Fighting Irish","Cam McDaniel","Ben Koyack","Chris Brown","C.J. Prosise","William Fuller",0.17,7,67.9,4.3,16.5,10.8
"Notre Dame Fighting Irish","Cam McDaniel","Ben Koyack","C.J. Prosise","Corey Robinson","William Fuller",0.43,5.7,73.5,3.1,12.2,8.4
"Notre Dame Fighting Irish","Amir Carlisle","Ben Koyack","Chris Brown","Tarean Folston","William Fuller",0.26,5.8,68.8,4.9,11.7,7.6
"Notre Dame Fighting Irish","Amir Carlisle","Ben Koyack","Corey Robinson","Tarean Folston","William Fuller",0.25,5.7,54.2,5.6,13,6.9
"Notre Dame Fighting Irish","Amir Carlisle","Cam McDaniel","Ben Koyack","Corey Robinson","William Fuller",0.27,4.4,51.4,2.8,12,5.7
"Notre Dame Fighting Irish","Total","Total","Total","Total","Total",0.27,5.9,62,4.6,13.4,8
"Ohio State Buckeyes","Jeff Heuerman","Evan Spencer","Michael Thomas","Ezekiel Elliott","Dontre Wilson",0.21,5.8,52.4,6.6,9.5,5
"Ohio State Buckeyes","Jeff Heuerman","Evan Spencer","Michael Thomas","Jalin Marshall","Ezekiel Elliott",0.18,7.9,72.4,7.5,13.8,9.3
"Ohio State Buckeyes","Jeff Heuerman","Devin Smith","Jalin Marshall","Ezekiel Elliott","Corey Smith",0.32,5.4,59.1,5.5,10.8,6.1
"Ohio State Buckeyes","Total","Total","Total","Total","Total",0.22,6.9,65.3,6,14.3,9.1
"Ohio State Buckeyes","Jeff Heuerman","Devin Smith","Michael Thomas","Jalin Marshall","Ezekiel Elliott",0.19,7,60.9,6.7,14.4,8.7
"Oklahoma Sooners","Total","Total","Total","Total","Total",0.13,6.3,56.7,6.2,12.5,6.9
"Oklahoma Sooners","Blake Bell","Aaron Ripkowski","Durron Neal","Sterling Shepard","Samaje Perine",0.08,5.8,55.6,4.6,20.5,11.4
"Oklahoma Sooners","Blake Bell","Durron Neal","Sterling Shepard","K.J. Young","Samaje Perine",0.15,5.3,37.5,7.6,12.3,4.6
"Oklahoma Sooners","Blake Bell","Durron Neal","Alex Ross","Sterling Shepard","K.J. Young",0.15,5.7,58.1,2.4,14.6,8.2
"Oklahoma State Cowboys","Total","Total","Total","Total","Total",0.18,5.3,55.7,3.9,14,7.8
"Ole Miss Rebels","Total","Total","Total","Total","Total",0.13,5.9,62.3,4.6,13.2,8
"Ole Miss Rebels","Vince Sanders","Cody Core","Jaylen Walton","Laquon Treadwell","Evan Engram",0.17,6.9,67.9,4.1,14.4,9.4
"Ole Miss Rebels","Vince Sanders","Cody Core","I'Tavius Mathers","Laquon Treadwell","Evan Engram",0.17,7.6,69.4,6.9,12.9,9
"Oregon Ducks","Pharaoh Brown","Byron Marshall","Dwayne Stanford","Devon Allen","Royce Freeman",0.05,8.8,75,6.9,17.2,12.9
"Oregon Ducks","Total","Total","Total","Total","Total",0.15,7.1,68.9,5.7,14.4,9.9
"Oregon Ducks","Keanon Lowe","Pharaoh Brown","Byron Marshall","Devon Allen","Royce Freeman",0.18,7.5,65,4.8,19.9,13
"Oregon State Beavers","Connor Hamlett","Terron Ward","Victor Bolden","Hunter Jarmon","Jordan Villamin",0.34,3.4,50,0.1,8.5,4.3
"Oregon State Beavers","Total","Total","Total","Total","Total",0.25,5.4,61.8,4.2,11.4,7
"Penn State Nittany Lions","Jesse James","Geno Lewis","Akeel Lynch","DaeSean Hamilton","Chris Godwin",0.2,3.3,54.7,1.3,9.5,5
"Penn State Nittany Lions","Kyle Carter","Jesse James","Geno Lewis","Akeel Lynch","DaeSean Hamilton",0.17,4.9,59,5.4,8.9,5.2
"Penn State Nittany Lions","Total","Total","Total","Total","Total",0.23,4.6,56.5,3.4,10.9,6.1
"Penn State Nittany Lions","Bill Belton","Jesse James","Geno Lewis","DaeSean Hamilton","Chris Godwin",0.35,4.1,52.5,0.5,12,6.1
"Penn State Nittany Lions","Bill Belton","Kyle Carter","Jesse James","Geno Lewis","DaeSean Hamilton",0.21,5,52.8,3.4,12.6,6.7
"Pittsburgh Panthers","Manasseh Garner","J.P. Holtz","Tyler Boyd","James Conner","Jaymar Parrish",0.2,6.4,60,6.2,15.2,8.4
"Pittsburgh Panthers","Kevin Weatherspoon","Manasseh Garner","Isaac Bennett","J.P. Holtz","Tyler Boyd",0.37,6.4,60,5.3,12.4,7.3
"Pittsburgh Panthers","Total","Total","Total","Total","Total",0.24,6,62,5.6,12.8,7.8
"Purdue Boilermakers","Total","Total","Total","Total","Total",0.15,4.8,54.3,5,9.7,5.2
"Purdue Boilermakers","Justin Sinz","Akeem Hunt","Cameron Posey","Trae Hart","Gregory Phillips",0.15,4.6,50,8.5,5.7,2.7
"Rutgers Scarlet Knights","Michael Burton","Tyler Kroft","Leonte Carroo","Andre Patton","Robert Martin",0.22,7.5,63.2,5.7,21,12
"Rutgers Scarlet Knights","Total","Total","Total","Total","Total",0.2,5.9,56.3,4.5,15,8.3
"SMU Mustangs","Total","Total","Total","Total","Total",0.19,3.9,54.4,3.9,8.8,4.7
"SMU Mustangs","Der'rikk Thompson","Stephen Nelson","Darius Joseph","Prescott Line","Nate Halverson",0.23,5.1,54.5,5.8,9.8,5.1
"San Diego State Aztecs","Total","Total","Total","Total","Total",0.19,5.8,53.7,5.7,12.7,6.6
"San Jose State Spartans","Jabari Carr","Tyler Ervin","Hansell Wilson","Tyler Winston","Andrew Vollert",0.13,6.2,56.5,5.7,12.6,7.1
"San Jose State Spartans","Total","Total","Total","Total","Total",0.16,5.2,63.7,4,10.8,6.8
"South Carolina Gamecocks","Nick Jones","Jerell Adams","Mike Davis","Shaq Roland","Pharoh Cooper",0.21,4,50,-0.1,11.9,5.8
"South Carolina Gamecocks","Total","Total","Total","Total","Total",0.2,5.9,60.2,4.6,13.2,7.8
"South Carolina Gamecocks","Nick Jones","Busta Anderson","Mike Davis","Shaq Roland","Pharoh Cooper",0.23,7.3,81.5,3,15,11.8
"South Florida Bulls","Total","Total","Total","Total","Total",0.21,4.8,50.6,3.8,13.2,6.5
"Stanford Cardinal","Total","Total","Total","Total","Total",0.24,5.9,65.9,4.8,12.1,7.9
"Stanford Cardinal","Devon Cajuste","Ty Montgomery","Remound Wright","Michael Rector","Austin Hooper",0.23,5.5,62.7,1.7,12.7,7.8
"Syracuse Orange","Total","Total","Total","Total","Total",0.22,4.7,55.6,4.3,10.6,5.8
"TCU Horned Frogs","Total","Total","Total","Total","Total",0.19,6.5,62.2,5.6,13,8
"TCU Horned Frogs","Josh Doctson","Kolby Listenbee","B.J. Catalon","Deante' Gray","Ty Slanina",0.25,6.5,60,3.8,13.4,8
"TCU Horned Frogs","Aaron Green","Josh Doctson","David Porter","Kolby Listenbee","Ty Slanina",0.13,8.4,70.6,10.5,10.2,7.2
"Temple Owls","Total","Total","Total","Total","Total",0.13,4.7,55,3.8,11.3,6
"Temple Owls","Wanemi Omuso","John Christopher","Jalen Fitzpatrick","Kenneth Harper","Brandon Shippen",0.16,4.4,45.8,5.4,9,3.8
"Tennessee Volunteers","Total","Total","Total","Total","Total",0.16,4.8,63.3,4,10.3,6.4
"Texas A&M Aggies","Total","Total","Total","Total","Total",0.17,6.5,65.5,5.4,12.2,7.9
"Texas Longhorns","John Harris","M.J. McFarland","Jaxon Shipley","Johnathan Gray","Geoff Swaim",0.19,4.4,50,4.8,9.3,4.6
"Texas Longhorns","John Harris","M.J. McFarland","Malcolm Brown","Jaxon Shipley","Geoff Swaim",0.21,4.6,68,4.8,8.4,5.3
"Texas Longhorns","John Harris","Jaxon Shipley","Johnathan Gray","Marcus Johnson","Geoff Swaim",0.24,5.8,50.9,3.4,14,7.1
"Texas Longhorns","Total","Total","Total","Total","Total",0.18,4.8,59.3,4,10.7,6.2
"Texas Longhorns","John Harris","Jaxon Shipley","Johnathan Gray","Marcus Johnson","Jacorey Warrick",0.16,4.8,47.2,5.5,11,5.2
"Texas Longhorns","John Harris","Malcolm Brown","Jaxon Shipley","Marcus Johnson","Geoff Swaim",0.27,5.4,61.6,4.2,10.8,6.6
"Texas Longhorns","John Harris","Malcolm Brown","Jaxon Shipley","Marcus Johnson","Jacorey Warrick",0.13,4.2,54.3,0.8,11.5,6.2
"Texas Tech Red Raiders","Total","Total","Total","Total","Total",0.13,6.4,60,5.3,12.7,7.5
"Texas Tech Red Raiders","Jakeem Grant","Bradley Marquez","DeAndre Washington","Reginald Davis","Dylan Cantrell",0.08,8,64.5,6,15.2,9.8
"Texas Tech Red Raiders","Jakeem Grant","Bradley Marquez","DeAndre Washington","Devin Lauderdale","Ian Sadler",0.09,7.1,55.3,7.2,13.6,7.5
"Tulane Green Wave","Total","Total","Total","Total","Total",0.26,4.9,55.3,4.6,10.1,5.5
"Tulsa Golden Hurricane","Keyarris Garrett","Joshua Atkinson","James Flanders","Keevan Lucas","Mandel Dixon",0.26,5,73.3,3.5,9.7,7.3
"Tulsa Golden Hurricane","Total","Total","Total","Total","Total",0.18,5.2,55.2,4.1,12,6.6
"Tulsa Golden Hurricane","Conner Floyd","Keyarris Garrett","Joshua Atkinson","James Flanders","Keevan Lucas",0.26,3.6,41.7,4.2,9.1,3.8
"UCF Knights","Total","Total","Total","Total","Total",0.24,5,57.7,3.4,13.1,7.4
"UCF Knights","Justin Tukes","J.J. Worton","Rannell Hall","Breshad Perriman","William Stanback",0.21,3.2,50,2.4,8.7,4.2
"UCLA Bruins","Devin Lucien","Devin Fuller","Jordan Payton","Paul Perkins","Thomas Duarte",0.22,7,75.8,7.6,10.6,8
"UCLA Bruins","Devin Fuller","Jordan Payton","Paul Perkins","Eldridge Massington","Thomas Duarte",0.19,6.3,67.3,4.8,13.1,8.5
"UCLA Bruins","Total","Total","Total","Total","Total",0.22,6.1,70.4,5.6,11.3,7.8
"UNLV Rebels","Taylor Barnhill","Devante Davis","Anthony Williams","Shaquille Murray-Lawrence","Devonte Boyd",0.25,6.3,64,4.6,13.5,8.6
"UNLV Rebels","Marcus Sullivan","Devante Davis","Maika Mataele","Shaquille Murray-Lawrence","Devonte Boyd",0.27,6.9,45.9,7.3,15.8,6.9
"UNLV Rebels","Total","Total","Total","Total","Total",0.23,5.1,54.6,4,12.4,6.7
"USC Trojans","Randall Telfer","Javorius Allen","Nelson Agholor","Darreus Rogers","JuJu Smith",0.23,7.4,82,5.3,12.2,10
"USC Trojans","Randall Telfer","Javorius Allen","George Farmer","Nelson Agholor","JuJu Smith",0.25,6.4,69.8,3,13.8,9.7
"USC Trojans","Total","Total","Total","Total","Total",0.2,5.9,70.2,4.3,12.1,8.4
"Utah State Aggies","Total","Total","Total","Total","Total",0.18,5.9,63.5,5.5,11.3,7
"Utah Utes","Westlee Tonga","Dres Anderson","Kenneth Scott","Kaelin Clay","Devontae Booker",0.3,4.8,53.4,4.8,10.1,5.4
"Utah Utes","Westlee Tonga","Dres Anderson","Kaelin Clay","Devontae Booker","Tim Patrick",0.22,3.1,50,3.3,7.6,3.8
"Utah Utes","Total","Total","Total","Total","Total",0.23,5.1,62.6,4.6,11.2,6.8
"Utah Utes","Westlee Tonga","Kenneth Scott","Kaelin Clay","Devontae Booker","Tim Patrick",0.41,4.3,65.5,4.4,9.8,6
"Utah Utes","Westlee Tonga","Kenneth Scott","Kaelin Clay","Devontae Booker","Kenric Young",0.09,5,52.8,6.2,8.9,4.7
"Utah Utes","Westlee Tonga","Kenneth Scott","Kaelin Clay","Delshawn McClellon","Devontae Booker",0.14,7.4,72.5,4.5,14.1,9.8
"Vanderbilt Commodores","Steven Scheu","Kellen Williams","C.J. Duncan","Latevius Rayford","Ralph Webb",0.26,6.8,42.9,7.1,17.8,7.6
"Vanderbilt Commodores","Total","Total","Total","Total","Total",0.24,4.7,50.7,3.7,12,6
"Vanderbilt Commodores","Davis Dudchock","Steven Scheu","C.J. Duncan","Latevius Rayford","Ralph Webb",0.29,5.3,60.7,4.6,9.8,6.2
"Virginia Cavaliers","Total","Total","Total","Total","Total",0.19,5,58.9,3.9,11.4,6.6
"Virginia Cavaliers","Miles Gooch","Kevin Parks","Zachary Swanson","Darius Jennings","Canaan Severin",0.1,6.5,75,5.6,11.5,8.2
"Virginia Tech Hokies","Ryan Malleck","Bucky Hodges","Sam Rogers","Isaiah Ford","Cam Phillips",0.29,4.2,57.6,1.3,11.5,6.2
"Virginia Tech Hokies","Willie Byrn","Bucky Hodges","Sam Rogers","Isaiah Ford","Cam Phillips",0.33,5.8,54.5,3.6,12.5,6.4
"Virginia Tech Hokies","Total","Total","Total","Total","Total",0.23,4.8,63.1,4,10.4,6.2
"Virginia Tech Hokies","Willie Byrn","Ryan Malleck","Sam Rogers","Isaiah Ford","Cam Phillips",0.34,6.4,66.7,0.6,13,7.8
"Wake Forest Demon Deacons","Matt James","E.J. Scott","Orville Reynolds","Jared Crump","Cam Serigne",0.3,3.9,65,2.1,8.8,5.4
"Wake Forest Demon Deacons","Matt James","E.J. Scott","Jared Crump","Cam Serigne","Isaiah Robinson",0.35,4.1,60.9,2.1,11,6.4
"Wake Forest Demon Deacons","Matt James","E.J. Scott","Jared Crump","Cam Serigne","Dezmond Wortham",0.32,3.1,45.7,2.1,10,4.2
"Wake Forest Demon Deacons","E.J. Scott","Jared Crump","Jonathan Williams","Cam Serigne","Isaiah Robinson",0.19,2.7,56,0.6,9.6,5.4
"Wake Forest Demon Deacons","Total","Total","Total","Total","Total",0.3,3.3,60.6,1.4,9.4,5.5
"Washington Huskies","Total","Total","Total","Total","Total",0.18,5.2,66.1,4.6,11,7
"Washington State Cougars","Total","Total","Total","Total","Total",0.14,6.1,66.4,2.4,11.3,7.5
"Washington State Cougars","Rickey Galvin","Isiah Myers","Tyler Baker","Vince Mayle","Jamal Morrow",0.15,6.3,70,1.9,11.7,8.4
"Washington State Cougars","Rickey Galvin","Isiah Myers","Vince Mayle","Jamal Morrow","River Cracraft",0.21,7.2,70.2,3.4,12,8.4
"West Virginia Mountaineers","Jordan Thompson","Rushel Shell","Wendell Smallwood","Kevin White","Mario Alford",0.11,7.9,73,6.4,12.1,8.8
"West Virginia Mountaineers","Jordan Thompson","Daikiel Shorts","Wendell Smallwood","Kevin White","Mario Alford",0.16,6.6,63.6,6.5,11.4,7.2
"West Virginia Mountaineers","Rushel Shell","Daikiel Shorts","Wendell Smallwood","Kevin White","Mario Alford",0.1,6.4,71.1,3.1,12.5,8.9
"West Virginia Mountaineers","Cody Clay","Jordan Thompson","Wendell Smallwood","Kevin White","Mario Alford",0.14,7,52.4,5.7,18.3,9.3
"West Virginia Mountaineers","Cody Clay","Jordan Thompson","Rushel Shell","Kevin White","Mario Alford",0.13,5.8,68.9,4.6,11.5,7.9
"West Virginia Mountaineers","Total","Total","Total","Total","Total",0.14,5.9,64.7,4.5,12.2,7.8
"West Virginia Mountaineers","Cody Clay","Rushel Shell","Kevin White","Elijah Wellman","Mario Alford",0.21,8.4,68.8,5.9,16.8,11.6
"Wisconsin Badgers","Total","Total","Total","Total","Total",0.13,6.6,55.9,7.1,11.7,6.4
"Wisconsin Badgers","Kenzel Doe","Sam Arneson","Melvin Gordon","Austin Traylor","Alex Erickson",0.11,8.3,47.4,10,9.2,4.4
"Wisconsin Badgers","Kenzel Doe","Sam Arneson","Jordan Fredrick","Melvin Gordon","Alex Erickson",0.27,5.2,64.6,5.3,10,6.3
"Wisconsin Badgers","Sam Arneson","Melvin Gordon","Austin Traylor","Derek Watt","Alex Erickson",0.03,5.9,16.7,7.1,4,0.7
"Wyoming Cowboys","Total","Total","Total","Total","Total",0.22,5.4,57.9,4.6,12.9,7.3
